<?xml version="1.0" encoding="UTF-8"?>
<project-private xmlns="http://www.netbeans.org/ns/project-private/1">
    <editor-bookmarks xmlns="http://www.netbeans.org/ns/editor-bookmarks/2" lastBookmarkId="0"/>
    <open-files xmlns="http://www.netbeans.org/ns/projectui-open-files/2">
        <group>
            <file>file:/D:/UAM/IV%20Semestre/Programacion/LibrosApp/src/formulario/FrmAutor.java</file>
            <file>file:/D:/UAM/IV%20Semestre/Programacion/LibrosApp/src/datos/DAutor.java</file>
            <file>file:/D:/UAM/IV%20Semestre/Programacion/LibrosApp/src/datos/Conexion.java</file>
            <file>file:/D:/UAM/IV%20Semestre/Programacion/LibrosApp/src/entidades/Libro.java</file>
            <file>file:/D:/UAM/IV%20Semestre/Programacion/LibrosApp/src/librosapp/librosApp.java</file>
            <file>file:/D:/UAM/IV%20Semestre/Programacion/LibrosApp/src/entidades/Autor.java</file>
        </group>
    </open-files>
</project-private>
